id,world_id,parent_location_id,name,type,status,description,tags,historical_events,last_significant_change,created_at,updated_at,relative_x,relative_y
2a00ff1c-234e-4a86-9b65-5faea731b691,2a29b63b-f090-4404-8aeb-09e5b00dae7e,,Cryptolands,region,stable,"A mystical northern region where the very landscape pulses with digital energy, Cryptolands is characterized by floating islands connected by bridges of pure light. Here, the laws of physics bend to the will of the blockchain, creating impossible geometries and gravity-defying structures. Mining operations extract not just precious metals, but actual cryptocurrency from glowing veins in the mountains. The Boo inhabitants here have evolved to display their Bitcoin wallet addresses as glowing runes on their foreheads. Crystalline formations jut from the ground in perfect geometric patterns, each one a node in the greater network that powers the kingdom. The weather here changes based on market fluctuations, with sunny days during bull markets and aurora storms during high volatility periods.","[""mystical"",""technological"",""floating-islands"",""mining"",""volatile""]",[],,2025-06-09 20:59:04.505169+00,2025-06-09 20:59:04.505169+00,30,20
41becfd1-2643-4ba5-a026-abac6a68522b,2a29b63b-f090-4404-8aeb-09e5b00dae7e,b65d5a1c-2f48-410c-8c5f-bb8cf7812b0c,The Glitch Gardens,landmark,stable,"A surreal botanical wonder where reality itself seems to malfunction in beautiful ways, creating a garden of impossible plants and digital flora. Trees here grow in wireframe, their leaves existing as pure mathematical equations that flutter in non-existent breezes. Flowers bloom in glitched colors that don't exist in normal spectrums, while vines grow in perfect spirals that defy gravity. The garden is said to be the result of an ancient coding error that became too beautiful to fix, now maintained as a reminder that even mistakes can create wonder. Visitors often report experiencing synesthesia here, seeing sounds and hearing colors as the garden's reality-bending properties affect their perception. The central fountain displays an eternal loop of cascading data that forms temporary patterns before dissolving and reforming.","[""surreal"",""glitched"",""botanical"",""reality-bending"",""beautiful""]",[],,2025-06-09 20:59:04.619331+00,2025-06-09 20:59:04.619331+00,60,55
5dce70e5-9367-4ba9-84a9-ec0e1fe6f81f,2a29b63b-f090-4404-8aeb-09e5b00dae7e,b65d5a1c-2f48-410c-8c5f-bb8cf7812b0c,Ghostport,city,stable,"A bustling port city where ethereal ships dock to trade with distant blockchain realms beyond the digital sea. The harbor is filled with vessels that phase in and out of visibility, their sails made of pure data streams. Ghostport serves as the kingdom's primary connection to the greater cryptocurrency multiverse, with merchants bringing exotic digital goods from other blockchain kingdoms. The lighthouse here is actually a massive antenna that broadcasts the Boo Kingdom's existence to other crypto-realms. Warehouses store everything from traditional goods to compressed data files, while the famous Spectral Market sells items that exist purely as NFTs. The city's architecture appears to flicker between solid stone and translucent energy, reflecting the dual nature of its ghostly inhabitants.","[""port"",""trading"",""ethereal"",""connected"",""flickering""]",[],,2025-06-09 20:59:04.619331+00,2025-06-09 20:59:04.619331+00,75,35
79468a00-cda7-4363-9fa0-cd82620f1e5c,2a29b63b-f090-4404-8aeb-09e5b00dae7e,831a8644-38bd-41a3-937d-c2c01bb22080,Boo Haven,city,stable,"The capital city of the Boo Kingdom, a magnificent metropolis where traditional medieval architecture seamlessly blends with blockchain technology. The royal castle sits atop a hill, its towers shaped like enormous USB drives, while the throne room houses the Master Node that governs all transactions in the realm. Streets are paved with tiles that display real-time market data, and the city fountain flows with liquid light that changes color based on network health. The marketplace bustles with Boo merchants trading everything from enchanted items to rare NFT artifacts. Clock towers chime on the hour with the sound of successful block confirmations, and the city walls are embedded with screens showing the eternal blockchain ledger that protects and guides the kingdom.","[""capital"",""royal"",""technological"",""marketplace"",""fortified""]",[],,2025-06-09 20:59:04.619331+00,2025-06-09 20:59:04.619331+00,45,45
831a8644-38bd-41a3-937d-c2c01bb22080,2a29b63b-f090-4404-8aeb-09e5b00dae7e,,Pixelshire,region,stable,"The heartland of the Boo Kingdom, Pixelshire is a rolling countryside dotted with charming villages and crystalline streams that sparkle like digital coins. Ancient oak trees bear leaves that shimmer with blockchain patterns, their roots said to connect to the great Bitcoin ledger that powers all magic in this realm. The region is known for its peaceful farming communities where Boo spirits tend to crops that grow in perfect 8-bit formations. Cobblestone paths wind between cottages with thatched roofs that seem to pixelate at the edges, creating a nostalgic atmosphere that reminds visitors of simpler times. The air itself hums with a gentle electronic melody, and at night, the aurora borealis displays in perfect pixel formations across the sky.","[""pastoral"",""magical"",""blockchain-connected"",""peaceful""]",[],,2025-06-09 20:59:04.505169+00,2025-06-09 20:59:04.505169+00,40,50
a3adc4df-553b-4706-b0e2-575365ee96d0,2a29b63b-f090-4404-8aeb-09e5b00dae7e,2a00ff1c-234e-4a86-9b65-5faea731b691,Coinfort,city,stable,"A heavily fortified mining town built into the mountainside, where the most productive Bitcoin mines in the kingdom operate day and night. The city's walls are constructed from compressed mining hardware, creating an impregnable fortress that glows with the heat of constant computation. Citizens here are master craftsmen who forge both traditional weapons and digital tools, their workshops powered by geothermal energy that also fuels the mining operations. The central plaza features a massive statue of Satoshi Nakamoto rendered in a charming Boo style, with offerings of hardware placed at its base. Steam rises constantly from the mines below, creating a perpetual mist that gives the city an otherworldly appearance. The governor's mansion is built around a massive mining rig that serves as both the city's heart and its primary defense system.","[""fortified"",""mining"",""industrial"",""mountainous"",""steamy""]",[],,2025-06-09 20:59:04.619331+00,2025-06-09 20:59:04.619331+00,25,25
b317b2d2-607a-4430-bbcc-c828c28dc5f2,2a29b63b-f090-4404-8aeb-09e5b00dae7e,2a00ff1c-234e-4a86-9b65-5faea731b691,The Forgotten Mine,landmark,stable,"An abandoned mining complex from the early days of the kingdom, now overgrown with digital vines and haunted by the ghost data of old transactions. The mine shafts descend deep into the earth, their walls lined with obsolete mining equipment that still occasionally sparks to life. Legends speak of lost Bitcoin caches hidden in the deepest tunnels, guarded by the spirits of miners who never returned to the surface. The main entrance is sealed by a massive door covered in warning symbols, but adventurous explorers have found secret passages that lead into the labyrinthine depths. Strange echoes of ancient mining songs can sometimes be heard emanating from the darkness, and locals report seeing ghostly figures with pickaxes made of pure light working the abandoned claims on moonless nights.","[""abandoned"",""haunted"",""treasure"",""dangerous"",""mysterious""]",[],,2025-06-09 20:59:04.619331+00,2025-06-09 20:59:04.619331+00,15,40
b48c90b9-73e1-4a9c-bcc4-75d9b7a1ae7d,2a29b63b-f090-4404-8aeb-09e5b00dae7e,2a00ff1c-234e-4a86-9b65-5faea731b691,Crystal Peaks,wilderness,stable,"A magnificent mountain range where enormous crystal formations have grown from centuries of accumulated blockchain energy. The peaks themselves are translucent and change color based on network activity, creating breathtaking light shows visible from across the kingdom. Each crystal contains compressed transaction data from different eras, making them valuable both as historical artifacts and power sources. The mountains are home to crystal dragons—benevolent creatures made of pure energy who guard the ancient mining sites. Climbing these peaks requires special equipment that can handle the intense electromagnetic fields generated by the crystals. At the highest summit sits an ancient observatory where the kingdom's first blockchain architects studied the patterns of digital energy flow that would eventually become the foundation of Boo civilization.","[""crystalline"",""mountainous"",""energetic"",""historical"",""dragons""]",[],,2025-06-09 20:59:04.619331+00,2025-06-09 20:59:04.619331+00,20,10
b65d5a1c-2f48-410c-8c5f-bb8cf7812b0c,2a29b63b-f090-4404-8aeb-09e5b00dae7e,,Spectral Shores,region,stable,"The ethereal coastal region where the kingdom meets an endless digital ocean that stretches beyond the horizon in perfect pixel waves. The beaches are composed of fine sand that shifts between golden and silver depending on Bitcoin's price, while ghostly Boo spirits surf on waves of pure data. Ancient lighthouse-servers beam transaction confirmations across the waters, their lights visible for leagues. Fishing villages here cast nets for digital fish that swim in schools forming complex hash patterns. The tides are controlled by block confirmations, creating a rhythm that the coastal Boos have learned to predict and celebrate. Shipwrecks of old mining rigs dot the shallow waters, now home to colonies of crypto-crabs that scuttle about with LED shells.","[""coastal"",""ethereal"",""digital-ocean"",""fishing"",""rhythmic""]",[],,2025-06-09 20:59:04.505169+00,2025-06-09 20:59:04.505169+00,70,40
bc07d3aa-a710-48d3-b382-ae2c3bec444b,2a29b63b-f090-4404-8aeb-09e5b00dae7e,b65d5a1c-2f48-410c-8c5f-bb8cf7812b0c,Corrupted Forest,wilderness,stable,"A dark woodland where the natural blockchain processes have become corrupted, creating a chaotic environment where the normal rules of the kingdom don't apply. Trees here grow in impossible directions, their bark displaying error messages in ancient code. The forest is home to glitched creatures—deer with polygon bodies, birds that fly in stuttering animations, and wolves whose howls sound like dial-up internet connections. Despite its ominous nature, the Corrupted Forest serves an important ecological function, acting as a quarantine zone for digital viruses and malformed data. Brave adventurers who venture into its depths sometimes emerge with rare corrupted items that possess unpredictable magical properties. The forest constantly shifts and changes its layout, making navigation nearly impossible without specialized guidance from the kingdom's digital druids.","[""corrupted"",""chaotic"",""shifting"",""dangerous"",""quarantine""]",[],,2025-06-09 20:59:04.619331+00,2025-06-09 20:59:04.619331+00,80,70
d939e190-d302-47cb-aef2-da3dda2bdcdd,2a29b63b-f090-4404-8aeb-09e5b00dae7e,831a8644-38bd-41a3-937d-c2c01bb22080,Pixel Village,city,stable,"A quaint farming community that perfectly embodies the charm of the Boo Kingdom, where every building and inhabitant appears lovingly crafted in perfect 8-bit style. The village is famous for its agricultural innovations, growing crops that naturally form QR codes when viewed from above. The village square hosts a weekly market where farmers trade seeds that grow into plants bearing fruit shaped like various cryptocurrency logos. Children here learn to count using Satoshi units, and the village school teaches both traditional subjects and blockchain basics. The mayor's house doubles as a small mining operation that powers the entire village's electrical grid. Despite its small size, Pixel Village has produced some of the kingdom's most renowned digital artists and blockchain architects.","[""farming"",""charming"",""educational"",""artistic"",""8-bit""]",[],,2025-06-09 20:59:04.619331+00,2025-06-09 20:59:04.619331+00,35,60
db886f4d-e876-43a1-99ed-0f308d4ac256,2a29b63b-f090-4404-8aeb-09e5b00dae7e,2a00ff1c-234e-4a86-9b65-5faea731b691,The Genesis Block,landmark,stable,"The most sacred site in the Boo Kingdom, a massive crystalline structure that contains the very first transaction ever recorded in the realm's blockchain. The block hovers three feet above a perfectly circular platform, slowly rotating while displaying ancient code in glowing runes. Pilgrims from across the kingdom come here to witness the birth of their digital civilization and to make offerings of rare cryptocurrencies. The structure pulses with a heartbeat-like rhythm that matches the network's block generation time. Around the Genesis Block, smaller satellite stones orbit in perfect mathematical patterns, each one representing a fundamental principle of decentralized governance. The site is tended by an order of monk-like Boos who have dedicated their lives to maintaining the sacred code and interpreting its mysteries for visitors.","[""sacred"",""crystalline"",""hovering"",""pilgrimage"",""mysterious""]",[],,2025-06-09 20:59:04.619331+00,2025-06-09 20:59:04.619331+00,50,30
e2bb4b5b-c53b-4ec7-8616-e5a93a7d45b9,2a29b63b-f090-4404-8aeb-09e5b00dae7e,831a8644-38bd-41a3-937d-c2c01bb22080,Tranquil Meadows,wilderness,stable,"Peaceful grasslands that stretch for miles across the heart of Pixelshire, where wild Boo spirits roam freely among flowers that bloom in perfect pixel patterns. The meadows serve as a natural buffer between the more developed areas of the kingdom, providing a sanctuary for wildlife and a place of meditation for citizens seeking respite from the digital world. Ancient standing stones dot the landscape, each one a dormant node in the kingdom's original network infrastructure. The grass here grows in mathematical spirals, creating natural art that changes with the seasons. Travelers often camp in these meadows, drawn by the gentle humming of the earth itself as it processes the endless flow of transactions beneath their feet. At sunset, the entire meadow glows softly as bioluminescent plants activate, creating a natural light show that rivals any digital display.","[""peaceful"",""natural"",""meditative"",""bioluminescent"",""artistic""]",[],,2025-06-09 20:59:04.619331+00,2025-06-09 20:59:04.619331+00,45,70